Unity Key,English,German,Italian,Ukrainian,Bulgarian,French,Polish,Portuguese,Hungarian,Japanese,Korean,Russian,Spanish,Thai,Chinese (Simplified),"Chinese (Traditional, Hong Kong)",Indonesian,Turkish,Spanish Latin American
modio_languagecode,en,de,it,uk,bg,fr,pl,pt,hu,ja,ko,ru,es,th,zh-CN,zh-TW,id,tr,es-LA
modio_btn_agree,Agree,Zustimmen,Accetta,Погоджуюсь,Приемане,Accepter,Zgoda,Aceitar,Egyetértek,同意する,동의,Соглашаюсь,Aceptar,ยอมรับ,同意,同意,Setuju,Kabul Et,Aceptar
modio_auth_header_authentication,Authentication,Authentifizierung,Autenticazione,Автентифікація,Удостоверяване,S’identifier,Weryfikacja,Autenticação,Hitelesítés,認証,인증,Авторизация,Autenticación,การยืนยันตัวตน,验证,驗證,Pengesahan,Doğrulama,Autenticación
modio_auth_failed_header,Authentication Failed,Authentifizierung fehlgeschlagen,Autenticazione non riuscita,Помилка автентифікації,Неуспешно удостоверяване,Échec d’identification,Weryfikacja nieudana,Autenticação falhada,Hitelesítés sikertelen,認証できませんでした,인증 실패,Ошибка авторизации,Error al autenticar,การยืนยันตัวตนล้มเหลว,验证失败,驗證失敗,Pengesahan gagal,Doğrulama Başarısız Oldu,Error de autenticación
modio_btn_back,Back,Zurück,Indietro,Назад,Назад,Retour,Wstecz,Voltar,Vissza,戻る,뒤로,Назад,Volver,ย้อนกลับ,返回,返回,Kembali,Geri,Atrás
modio_btn_menu_browsemods,Browse Mods,Mods durchsuchen,Sfoglia le mod,Переглянути моди,Преглед на модове,Parcourir les mods,Przeglądaj mody,Procurar mods,Modok böngészése,Modを見る,모드 탐색,Просмотр модов,Explorar mods,ค้นหาม็อด,浏览模组,瀏覽模組,Telusuri Mod,Modlara Göz At,Buscar mods
modio_auth_email_disclaimer,By continuing you agree to the Terms of Use and Privacy Policy and must be 13 years of age or older.,"Wenn du fortfährst, stimmst du den Nutzungsbedingungen und der Datenschutzerklärung zu. Außerdem bestätigst du hiermit, dass du mindestens 13 Jahre alt bist.","Continuando, accetti i Termini di utilizzo e l'Informativa sulla privacy e dichiari di avere almeno 13 anni di età.","Продовжуючи, ви погоджуєтеся з Умовами використання й Політикою конфіденційності та підтверджуєте, що ваш вік від 13 років.","Като продължите, вие приемате Условията за ползване и Политиката за поверителност и трябва да имате навършени 13 години.","En continuant, vous acceptez les conditions générales d’utilisation et la politique de confidentialité et devez être âgé de 13 ans ou plus.","Kontynuując, zgadzasz się na Regulamin Użytkowania i Politykę Prywatności oraz potwierdzasz, że masz ukończone 13 lat.","Ao continuar, aceitas os Termos de Utilização e a Política de Privacidade, e tens de ser maior de 13 anos.","A folytatással elfogadod a Használati feltételeket és az Adatvédelmi szabályzatot, valamint hogy betöltötted a 16 éves kort.",続行すると、利用規約およびプライバシーポリシーに同意したとみなされます。また、利用するには13歳以上の年齢制限があります。,"계속 진행하시려면 이용 약관 및 개인정보 보호정책에 동의하셔야 하며, 13세 이상이어야 합니다.","Продолжая, вы соглашаетесь с Условиями использования и Политикой конфиденциальности и подтверждаете, что вы не младше 13 лет.","Si continúas, aceptas las condiciones de uso y la política de privacidad, y confirmas haber cumplido los 13 años.",เมื่อดำเนินการต่อจะหมายความว่าคุณยอมรับข้อตกลงในการใช้งานและนโยบายความเป็นส่วนตัว และจะต้องมีอายุ 13 ปีขึ้นไป,继续使用即表示您已同意我们的使用条款和隐私政策，且已年满 13 周岁。,繼續使用表示您同意使用條款及隱私權政策，且您已年滿 13 歲。,"Dengan melanjutkannya, Anda setuju dengan Ketentuan Penggunaan dan Kebijakan Privasi, dan Anda berusia 13 tahun atau ke atas.",Devam ederek Kullanım Koşulları ve Gizlilik Politikası'nı kabul ettiğini ve en az 13 yaşında olduğunu onaylarsın.,"Al continuar, aceptas los Términos de uso y la Política de privacidad y debes tener 13 años o más."
modio_btn_cancel,Cancel,Abbrechen,Annulla,Скасувати,Отказ,Annuler,Anuluj,Cancelar,Mégse,キャンセル,취소,Отмена,Cancelar,ยกเลิก,取消,取消,Batal,İptal Et,Cancelar
modio_btn_confirm,Confirm,Bestätigen,Conferma,Підтвердити,Потвърждаване,Confirmer,Potwierdź,Confirmar,Megerősítés,確定,확인,Подтвердить,Confirmar,ยืนยัน,确认,確認,Konfirmasi,Onayla,Confirmar
modio_btn_clearall,Clear All,Alle löschen,Ripristina tutto,Очистити все,Изчисти всичко,Tout désactiver,Wyczyść wszystko,Limpar tudo,Összes törlése,すべて解除,모두 지우기,Очистить все,Borrar todo,ล้างทั้งหมด,清除全部,清除全部,Hapus Semua,Tümünü Temizle,Borrar todo
modio_inputprompt_clearallfilters,Clear All Filters,Alle Filter löschen,Ripristina tutti i filtri,Очистити всі фільтри,Изчисти всички филтри,Désactiver tous les filtres,Wyczyść wszystkie filtry,Limpar todos os filtros,Összes szűrő törlése,すべてのフィルタを解除,모든 필터 지우기,Очистить все фильтры,Borrar todos los filtros,ล้างตัวกรองทั้งหมด,清除所有筛选器,清除所有篩選器,Hapus Semua Filter,Tüm Filtreleri Temizle,Borrar todos los filtros
modio_btn_clearsearch,Clear Search,Suche löschen,Ripristina la ricerca,Очистити поле пошуку,Изчисти търсенето,Réinitialiser la recherche,Wyczyść wyszukiwanie,Limpar pesquisa,Keresés törlése,検索結果をリセット,검색 지우기,Очистить поиск,Borrar búsqueda,ล้างการค้นหา,清除搜索,清除搜尋,Hapus Pencarian,Aramayı Temizle,Borrar búsqueda
modio_btn_cleartags,Clear Tags,Tags löschen,Ripristina tutti i tag,Очистити ярлики,Изчисти тагове,Réinitialiser les balises,Wyczyść tagi,Limpar etiquetas,Címkék törlése,タグをリセット,태그 지우기,Очистить метки,Borrar etiquetas,ล้างแท็ก,清除标签,清除標籤,Hapus Tag,Etiketleri Temizle,Borrar etiquetas
modio_btn_collapsedesc,Collapse Description,Beschreibung einklappen,Chiudi la descrizione,Згорнути опис,Свиване на описанието,Fermer la description,Zwiń opis,Reduzir descrição,A leírás összecsukása,説明を閉じる,설명 닫기,Свернуть описание,Plegar descripción,ย่อคำอธิบาย,收起描述,收起說明,Ciutkan Deskripsi,Açıklamayı Küçült,Minimizar descripción
modio_modview_header_purchase,Confirm Purchase,Kauf bestätigen,Conferma acquisto,Підтвердити купівлю,Потвърдете покупката,Confirmer l’achat,Potwierdź zakup,Confirmar compra,Vásárlás megerősítése,購入を確定,구매 확인,Подтвердить покупку,Confirmar compra,ยืนยันการซื้อ,确认购买,確認購買,Konfirmasi Pembelian,Satın Alımı Onayla,Confirmar compra
modio_modstate_downloading,Downloading,Wird heruntergeladen,Download in corso,Завантажується,Изтегля се,Téléchargement en cours,Pobieranie,A transferir,Letöltés,ダウンロード中,다운로드 중,Загрузка,Descargando,กำลังดาวน์โหลด,正在下载,正在下載,Sedang Mengunduh,İndiriliyor,Descargando
modio_btn_disablemod,Disable Mod,Mod deaktivieren,Disabilita mod,Деактивувати мод,Деактивиране на мод,Désactiver le mod,Wyłącz moda,Desativar mod,Mod kikapcsolása,Modを無効にする,모드 해제,Отключить мод,Desactivar mod,ปิดใช้งานม็อด,禁用模组,停用模組,Nonaktifkan Mod,Modu Devre Dışı Bırak,Desactivar mod
modio_btn_disabled,Disabled,Deaktiviert,Disabilitata,Деактивовано,Деактивирано,Désactivé,Wyłączono,Desativado,Kikapcsolva,無効,해제,Отключено,Desactivado,ปิดใช้งานแล้ว,已禁用,已停用,Dinonaktifkan,Devre Dışı,Desactivado
modio_moddepends_cta_desctription,Do you want to Subscribe and Download these mods?,Willst du diese Mods abonnieren und herunterladen?,Vuoi iscriverti e scaricare queste mod?,Бажаєте підписатися й завантажити ці моди?,Искате ли да се абонирате и да изтеглите тези модове?,Voulez-vous vous abonner et télécharger ces mods ?,Chcesz subskrybować i pobrać te mody?,Queres subscrever e transferir estes mods?,Szeretnél feliratkozni ezekre a modokra és letölteni őket?,これらのModをサブスクライブしてダウンロードしますか？,해당 모드를 구독하고 다운로드하시겠습니까?,Вы хотите подписаться и загрузить эти моды?,¿Quieres suscribirte y descargar estos mods?,คุณต้องการติดตามและดาวน์โหลดม็อดเหล่านี้หรือไม่,您是否要订阅并下载这些模组？,是否要訂閱並下載這些模組？,Apakah Anda mau Berlangganan dan Mengunduh mod ini?,Bu modlara abone olup onları indirmek istiyor musun?,¿Quieres suscribir y descargar estos mods?
modio_modstate_error,Download Failed,Download fehlgeschlagen,Download non riuscito,Помилка завантаження,Неуспешно изтегляне,Échec du téléchargement,Pobieranie nieudane,Transferência falhada,A letöltés meghiúsult,ダウンロードできませんでした,다운로드 실패,Ошибка загрузки,Error al descargar,ไม่สามารถดาวน์โหลดได้,下载失败,下載失敗,Pengunduhan Gagal,İndirme Başarısız Oldu,Error de descarga
modio_modview_downloads,Downloads,Downloads,Download,Завантаження,Изтегляния,Téléchargements,Pobrane,Transferências,Letöltések,ダウンロード数,다운로드,Загрузки,Descargas,การดาวน์โหลด,下载的内容,下載數,Unduhan,İndirmeler,Descargas
modio_btn_enabled,Enabled,Aktiviert,Abilitata,Активовано,Активирано,Activé,Włączone,Ativado,Bekapcsolva,有効,활성화,Включено,Activado,เปิดใช้งานแล้ว,已启用,已啟用,Diaktifkan,Etkin,Habilitado
modio_modstatus_extracting,Extracting,Wird extrahiert,Estrazione in corso,Розпаковується,Извличане,Extraction en cours,Wypakowywanie,A extrair,Kicsomagolás,抽出中,추출 중,Извлечение,Extrayendo,กำลังแตกไฟล์,正在提取,正在擷取,Sedang Mengekstrak,Çıkartılıyor,Extrayendo
modio_report_details_email,Email Address,E-Mail-Adresse,Indirizzo e-mail,Адреса електронної пошти,Имейл адрес,Adresse e-mail,Adres e-mail,Endereço de email,E-mail-cím,メールアドレス,이메일 주소,Адрес эл. почты,Dirección de correo electrónico,ที่อยู่อีเมล,电子邮箱地址,電子郵件地址,Alamat Email,E-posta Adresi,Correo electrónico
modio_btn_enablemod,Enable Mod,Mod aktivieren,Abilita mod,Активувати мод,Активиране на мод,Activer le mod,Wyłącz moda,Ativar mod,Mod engedélyezése,Modを有効にする,모드 활성화,Включить мод,Activar mod,ม็อดที่เปิดใช้งาน,启用模组,啟用模組,Aktifkan Mod,Modu Etkinleştir,Habilitar mod
modio_auth_code_prompt,Enter Code,Code eingeben,Inserisci codice,Введіть код,Въведете код,Entrer le code,Podaj kod,Introduzir código,Add meg a kódot,コードを入力,코드 입력,Введите код,Introducir código,ป้อนรหัส,输入验证码,輸入驗證碼,Masukkan Kode,Kodu Gir,Ingresar código
modio_report_details,Enter Report Details...,Details der Meldung eingeben ...,Inserisci i dettagli della segnalazione...,Вкажіть подробиці скарги,Въведете подробности за доклада...,Saisir les détails du rapport…,Podaj szczegóły raportu...,Introduzir detalhes sobre a denúncia...,Add meg a jelentés részleteit…,報告の詳細を入力…,신고할 내용을 상세하게 입력하세요...,Опишите ситуацию...,Introducir detalles del informe...,ป้อนรายละเอียดการรายงาน...,输入报告的详细内容……,輸入檢舉詳細內容……,Masukkan Detail Laporan...,Rapor Ayrıntılarını Gir...,Ingresar detalles del informe
modio_error_generic_header,Error,Fehler,Errore,Помилка,Грешка,Erreur,Błąd,Erro,Hiba,エラー,오류,Ошибка,Error,เกิดข้อผิดพลาด,错误,錯誤,Salah,Hata,Error
modio_btn_expanddesc,Full Description,Vollständige Beschreibung,Descrizione completa,Повний опис,Пълно описание,Description complète,Pełny opis,Descrição Completa,Teljes leírás,詳細な説明,상세 설명,Полное описание,Descripción completa,คำอธิบายแบบเต็ม,完整描述,完整說明,Deskripsi Lengkap,Descripción completa,Uzun Açıklama
modio_modview_filesize,File size,Dateigröße,Dimensioni del file,Розмір файлу,Размер на файла,Taille du fichier,Wielkość pliku,Tamanho do ficheiro,Fájlméret,ファイルサイズ,파일 크기,Размер файла,Tamaño del archivo,ขนาดไฟล์,文件大小,檔案大小,Ukuran File,Dosya boyutu,Tamaño del archivo
modio_btn_filter,Filter,Filter,Filtro,Фільтрувати,Филтър,Filtre,Filtr,Filtrar,Szűrő,フィルタ,필터,Фильтр,Filtrar,ตัวกรอง,筛选器,篩選器,Filter,Filtre,Filtrar
modio_btn_auth_havecode,I Have A Code,Ich habe einen Code,Ho un codice,У мене є код,Имам код,J’ai un code,Mam kod,Tenho um código,Van kódom,コードを所有,코드를 보유하고 있습니다,У меня есть код,Tengo un código,ฉันมีรหัส,我有验证码,我有驗證碼,Aku Punya Kode,Bir Kodum Var,Tengo un código
modio_modstatus_initializing,Initializing,Wird initialisiert,Inizializzazione in corso,Підготовка,Инициализиране,Initialisation,Inicjalizacja,A inicializar,Inicializálás,初期化中,초기값 설정 중,Инициализация,Inicializando,กำลังเริ่ม,正在初始化,正在初始化,Menginisialisasi,Hazırlanıyor,Inicializando
modio_inputprompt_dependencies,Inspect Dependencies,Abhängigkeiten prüfen,Controlla le dipendenze,Перевірити на залежності,Проверка на зависимостите,Examiner les dépendances,Sprawdź zależności,Inspecionar dependências,Függő elemek vizsgálata,必須Modを確認,종속성 검사,Посмотреть необходимые компоненты,Inspeccionar dependencias,ตรวจสอบไฟล์ที่จำเป็น,检查依赖模组,檢查依賴模組,Periksa Ketergantungan,Gerekli Modları İncele,Inspeccionar dependencias
modio_filter_installed,Installed,Installiert,Installata,Встановлено,Инсталиран,Installé,Zainstalowano,Instalado,Telepítve,インストール済,설치 완료,Установлено,Instalado,ติดตั้งแล้ว,已安装,已安裝,Dipasang,Kurulu,Instalado
modio_modstate_others,Installed by Others,Von anderen installiert,Installata da altri,Встановлено іншими,Инсталиран от други,Installé par d’autres,Zainstalowane przez innych,Instalado por outros,Mások telepítették,他のユーザーがインストール済,다른 사용자에 의해 설치됨,Установлено другими,Instalado por otros,ติดตั้งโดยผู้อื่น,已由其他用户安装,已由他人安裝,Dipasang oleh Orang Lain,Başka Kullanıcıda Kurulu,Instalado por otros
modio_modstate_installing,Installing,Wird installiert,Installazione in corso,Встановлюється,Инсталира се,Installation en cours,Instalowanie,A instalar,Telepítés,インストール中,설치 중,Установка,Instalando,กำลังติดตั้ง,正在安装,正在安裝,Sedang Memasang,Kuruluyor,Instalando
modio_tokens_header_insufficient,Insufficient Tokens,Unzureichende Token,Gettoni insufficienti,Недостатньо жетонів,Недостатъчни токени,Jetons insuffisants,Za mało żetonów,Tokens insuficientes,Nincs elegendő zseton,トークンが不足,토큰 부족,Недостаточно жетонов,Fichas insuficientes,โทเคนไม่เพียงพอ,代币不足,代幣不足,Token Tidak Cukup,Yetersiz Jeton,Tokens insuficientes
modio_auth_failed_description,Invalid security code. Please check your email for your code and try again.,Ungültiger Sicherheitscode. Bitte überprüfe den Code in deiner E-Mail und versuche es erneut.,Codice di sicurezza non valido. Controlla il codice nell'e-mail e riprova.,"Код безпеки недійсний. Перевірте, чи надійшов код на вашу електронну пошту, та спробуйте знову.",Невалиден код за сигурност. Проверете имейла си за вашия код и опитайте отново.,Code de sécurité non valide. Veuillez consulter l’e-mail contenant le code et réessayer.,Błędny kod bezpieczeństwa. Sprawdź kod w e-mailu i spróbuj ponownie.,Código de segurança inválido. Verifica o código no teu email e tenta novamente.,"Érvénytelen biztonsági kód. Kérjük, keresd meg e-mailjeidnél a kódot, és próbálkozz újra.",無効なセキュリティコードです。メール内のコードを確認して、もう一度お試しください。,유효하지 않은 보안 코드입니다. 이메일에서 코드를 확인하고 다시 시도해 주십시오.,Неверный код безопасности. Найдите в своем почтовом ящике код и повторите попытку.,Código de seguridad inválido. Consulta el código en tu correo electrónico e inténtalo de nuevo.,รหัสความปลอดภัยไม่ถูกต้อง โปรดตรวจสอบอีเมลเพื่อหารหัสของคุณแล้วลองใหม่อีกครั้ง,无效的安全代码。请确认电子邮件中的验证码并重试。,無效安全碼。請確認電子郵件內的驗證碼，並再試一次。,Kode keamanan tidak valid. Silakan periksa email Anda untuk kode Anda dan coba lagi.,Geçersiz güvenlik kodu. Lütfen e-posta adresine gelen kodu kontrol et ve tekrar dene.,Código de seguridad incorrecto. Revisa tu correo e ingrésalo nuevamente.
modio_page_library,Library,Bibliothek,Libreria,Бібліотека,Библиотека,Bibliothèque,Biblioteka,Biblioteca,Könyvtár,ライブラリ,라이브러리,Библиотека,Biblioteca,ไลบรารี,模组库,模組庫,Perpus,Kütüphane,Biblioteca
modio_modstate_dependencies,Missing Dependencies,Fehlende Abhängigkeiten,Dipendenze mancanti,Бракує деяких залежностей,Липсващи зависимости,Dépendances manquantes,Brakujące zależności,Dependências em falta,Hiányzó függőségek,必須Modが不足,종속성 누락,Отсутствуют необходимые компоненты,Faltan dependencias,ไฟล์ที่จำเป็นที่หายไป,缺少依赖模组,缺少依賴模組,Ketergantungan yang Hilang,Gerekli Modlar Eksik,Dependencias no encontradas
modio_btn_moddependencies,Dependencies,Abhängigkeiten,Dipendenze,Залежності,Зависимости,Dépendances,Zależności,Dependências,Függő elemek,必須Mod,종속성,Необходимые компоненты,Dependencias,ไฟล์ที่จำเป็น,依赖模组,依賴模組,Ketergantungan,Gerekli Modlar,Dependencias
modio_moddesc_header,Mod Description,Mod-Beschreibung,Descrizione mod,Опис моду,Описание на мод,Description du mode,Opis moda,Descrição do mod,Mod leírása,Modの説明,모드 설명,Описание мода,Descripción del mod,คำอธิบายม็อด,模组描述,模組說明,Deskripsi Mod,Mod Açıklaması,Descripción de mod
modio_inputprompt_modoptions,Mod Options,Mod-Optionen,Opzioni mod,Параметри моду,Опции на мод,Options du mode,Opcje moda,Opções do mod,Modopciók,Modオプション,모드 옵션,Параметры мода,Opciones del mod,ตัวเลือกม็อด,模组选项,模組選項,Pilihan Mod,Mod Ayarları,Opciones de mod
modio_page_mods,Mods,Mods,Mod,Моди,Модове,Mods,Mody,Mods,Modok,Mod,모드,Моды,Mods,ม็อด,模组,模組,Mod,Modlar,Mods
modio_btn_morefromcreator,More From Creator,Mehr von diesem Creator,Altre da questo creatore,Інші моди автора,Още от създателя,Du même créateur,Więcej od tego twórcy,Mais do criador,Továbbiak az alkotótól,同じクリエイターの他のMod,크리에이터의 설명,Другие работы автора,Más del creador,เพิ่มเติมจากผู้สร้าง,该创作者的其他模组,該創作者模組,Lebih Banyak dari Kreator,Bu Geliştiriciden Daha Fazlası,Más del creador
modio_search_results_none,No Results Found,Keine Ergebnisse gefunden,Nessun risultato trovato,Нічого не знайдено,Не са открити резултати,Aucun résultat trouvé,Nie znaleziono wyników,Nenhum resultado encontrado,Nincs találat,検索結果が見つかりません,결과 없음,Ничего не найдено,No hay resultados,ไม่พบผลลัพธ์,未找到结果,查無結果,Tidak Ada Hasil yang Ditemukan,Sonuç Bulunamadı,No se encontraron resultados
modio_btn_ok,OK,OK,Ok,OK,ОК,OK,OK,OK,OK,OK,확인,ОК,Aceptar,ตกลง,好的,我知道了,OKE,Tamam,De acuerdo
modio_btn_purchasemod,Purchase Mod,Mod kaufen,Acquista mod,Придбати мод,Покупка на мод,Acheter le mod,Kup moda,Comprar mod,Mod megvásárlása,Modを購入,모드 구매,Купить мод,Comprar mod,ซื้อม็อด,购买模组,購買模組,Beli Mod,Modu Satın Al,Adquirir mod
modio_auth_code_description,Please check your email for your code and enter it below.,Bitte überprüfe den Code in deiner E-Mail und gib ihn unterhalb ein.,Controlla il codice nell'e-mail e inseriscilo qui sotto.,Знайдіть код на електронній пошті та введіть його нижче.,Проверете имейла си за вашия код и го въведете по-долу.,Veuillez consulter l’e-mail contenant le code et saisissez-le ci-dessous.,Sprawdź kod w e-mailu i wpisz go poniżej.,Verifica o código no teu email e introduz abaixo.,"Kérjük, keresd meg e-mailjeidnél a kódot, és alább add meg.",メール内のコードを確認して、以下に入力してください。,이메일에서 코드를 확인하고 아래에 다시 입력하여 주십시오.,Найдите в своем почтовом ящике код и введите его ниже.,Consulta el código en tu correo electrónico e inténtalo de nuevo.,โปรดตรวจสอบอีเมลเพื่อหารหัสของคุณแล้วป้อนรหัสด้านล่าง,请确认电子邮件中的验证码，并在下方输入。,請查看電子郵件內的驗證碼，並在下方輸入。,Silakan periksa email Anda untuk kode Anda dan masukkan di bawah.,Lütfen e-posta adresine gelen kodu kontrol et ve aşağıya gir.,Revisa tu correo e ingresa el código enviado a continuación.
modio_report_reason,Please choose one of the following reasons:,Bitte wähle einen der folgenden Gründe:,Scegli uno dei seguenti motivi:,"Будь ласка, оберіть одну з причин:",Изберете една от следните причини:,Veuillez choisir l’une des raisons suivantes :,Wybierz jeden z poniższych powodów:,Escolhe um dos seguintes motivos:,"Kérjük, válassz egyet a következő okok közül:",以下の理由から1つ選択してください：,다음 사유 중 하나를 선택해 주십시오:,Выберите одну из следующих причин:,Elige uno de los siguientes motivos:,โปรดเลือกเหตุผลข้อใดข้อหนึ่งต่อไปนี้:,请从以下原因中选择一项：,請從以下原因中選擇一項：,Silakan pilih satu dari alasan berikut:,Lütfen şu nedenlerden birini seç:,Elige uno de los motivos a continuación:
modio_auth_email_description,Please enter your email address.,Bitte gib deine E-Mail-Adresse ein.,Inserisci il tuo indirizzo e-mail.,Введіть вашу адресу електронної пошти.,Въведете своя имейл адрес.,Veuillez saisir votre adresse e-mail.,Podaj adres e-mail.,Introduz o teu endereço de email.,Add meg az e-mail-címedet.,メールアドレスを入力してください。,이메일 주소를 입력해 주십시오.,Введите свой адрес электронной почты.,Introduce tu dirección de correo electrónico.,โปรดป้อนที่อยู่อีเมลของคุณ,请输入您的电子邮箱地址。,請輸入您的電子郵件地址。,Silakan masukkan alamat email Anda.,Lütfen e-posta adresini gir.,Ingresa tu correo electrónico.
modio_auth_wss_description,On another device please visit mod.io/connect and enter the code below.
modio_purchase_processing,Please wait while we process your purchase.,"Bitte warte, bis wir deinen Kauf verarbeitet haben.",Attendi mentre elaboriamo il tuo acquisto.,"Зачекайте, поки ми обробимо вашу купівлю.","Моля, изчакайте, докато обработим вашата покупка.",Veuillez patienter pendant que nous traitons votre achat.,Zaczekaj na przetworzenie swojego zakupu.,Espera enquanto processamos a tua compra.,"Várj, amíg feldolgozzuk vásárlásodat.",購入処理が完了するまでお待ちください。,구매를 처리하는 동안 잠시만 기다려 주세요.,"Пожалуйста, подождите, пока мы обрабатываем вашу покупку.",Espera mientras procesamos la compra.,โปรดรอขณะที่เรากำลังประมวลผลการซื้อของคุณ,正在处理您的购买，请稍等。,請等待我們處理您的購買。,Harap menunggu saat kami memproses pembelian Anda.,Lütfen satın alımın gerçekleşirken bekle.,Espera mientras procesamos tu compra.
modio_filter_popular,Popular,Beliebt,Popolari,Популярні,Популярни,Populaire,Popularne,Populares,Népszerű,人気,인기 상품,Популярное,Popularidad,ยอดนิยม,热门,熱門,Populer,Popüler,Popular
modio_modstate_premium,Premium Mod,Premium-Mod,Mod premium,Преміум-моди,Премиум мод,Mod premium,Mod premium,Mod Premium,Premium mod,プレミアムMod,프리미엄 모드,Премиум-мод,Mod prémium,ม็อดพรีเมียม,付费模组,付費模組,Mod Premium,Premium Mod,Mod prémium
modio_btn_prioritizemod,Prioritize Mod,Mod priorisieren,Dai la precedenza alle mod,Встановити пріоритет,Приоритизиране на мод,Afficher ce mod en priorité,Nadaj priorytet modowi,Priorizar mod,Mod priorizálása,優先Mod,모드 우선 지정,Сделать мод приоритетным,Priorizar mod,จัดลำดับความสำคัญม็อด,优先此模组,優先模組,Prioritaskan Mod,Moda Öncelik Ver,Mod prémium
modio_btn_privacy,Privacy Policy,Datenschutzerklärung,Informativa sulla privacy,Політика конфіденційності,Политика за поверителност,Politique de confidentialité,Polityka Prywatności,Política de Privacidade,Adatvédelmi irányelvek,プライバシーポリシー,개인정보 보호정책,Политика конфиденциальности,Política de privacidad,นโยบายความเป็นส่วนตัว,隐私政策,隱私權政策,Kebijakan Privasi,Gizlilik Politikası,Política de privacidad
modio_modstate_purchased,Purchased,Gekauft,Acquistata,Придбано,Закупени,Acheté,Zakupiono,Comprado,Megvásárolt,購入済,구매 완료,Куплено,Comprado,ซื้อแล้ว,已购买,已購買,Dibeli,Satın Alındı,Comprado
modio_filter_purchases,Purchases,Käufe,Acquisti,Придбані,Покупки,Achats,Zakupy,Compras,Vásárlások,購入数,구매 목록,Покупки,Compras,รายการซื้อ,购买,購買,Pembelian,Satın Alınanlar,Compras
modio_modstate_queued,Queued,In der Warteschlange,In coda,У черзі,На опашката,En file d’attente,W kolejce,Na fila,Sorban,キュー追加済,대기열,В очереди,En cola,อยู่ในคิว,已加入队列,待下載,Mengantre,Sırada,En fila de descarga
modio_btn_menu_quit,QUIT,VERLASSEN,CHIUDI,ВИЙТИ,ИЗХОД,QUITTER,WYJŚCIE,SAIR,KILÉPÉS,終了,그만두기,ВЫЙТИ,SALIR,ออก,退出,離開,KELUAR,ÇIK,SALIR
modio_modview_rating,Rating,Bewertung,Valutazione,Рейтинг,Оценка,Note,Ocena,Classificação,Értékelés,レーティング,평가,Рейтинг,Calificación,คะแนน,评分,評分,Nilai,Beğenilme,Valoración
modio_filter_recent,Recent,Neueste,Recenti,Найновіші,Скорошни,Récent,Najnowsze,Recentes,Friss,新着,최근,Недавнее,Recientes,ล่าสุด,最近,最近,Belakangan Ini,Yeni,Reciente
modio_modview_released,Released,Veröffentlicht,Data di rilascio,Дата виходу,Дата на излизане,Date de sortie,Wydane,Lançamento,Megjelent,リリース日,출시일,Выпущено,Publicación,เปิดตัวแล้ว,已发布,釋出,Dirilis,Yayınlanma Tarihi,Lanzado
modio_report_title,Report A Problem,Ein Problem melden,Segnala un problema,Повідомити про проблему,Докладвайте за проблем,Signaler un problème,Zgłoś problem,Denunciar um problema,Probléma jelentése,問題を報告する,문제 신고,Сообщить о проблеме,Informar de un problema,รายงานปัญหา,报告问题,回報問題,Laporkan Masalah,Bir Sorun Bildir,Reportar un problema
modio_report_details_header,Report Details (required),Details der Meldung (erforderlich),Dettagli della segnalazione (campo obbligatorio),Подробиці проблеми (обов'язково),Подробности за доклада (задължително),Détails du rapport (requis),Szczegóły raportu (wymagane),Detalhes sobre a denúncia (obrigatório),Jelentés részletei (kötelező),報告の詳細（必須）,신고서 상세 내용(필요),Сообщить подробности (обязательно),Detalles del informe (necesarios),รายละเอียดการรายงาน (จำเป็น),报告详情（必填）,檢舉詳細內容（必填）,Detail Laporan (wajib),Rapor Ayrıntıları (gerekli),Ingresar detalles (obligatorio)
modio_btn_reportmod,Report Mod,Mod melden,Segnala mod,Поскаржитися на мод,Докладване на мод,Signaler le mod,Zgłoś moda,Denunciar mod,Mod jelentése,Modを報告,모드 신고,Пожаловаться на мод,Denunciar mod,รายงานม็อด,报告模组,檢舉模組,Laporkan Mod,Modu Bildir,Reportar mod
modio_search_resultsfor,Results for:,Ergebnisse für:,Risultati per:,Результати для:,Резултати за:,Résultats pour :,Wyniki dla:,Resultados para:,Eredmények ehhez:,検索結果：,결과:,Результаты для:,Resultados para:,ผลลัพธ์สำหรับ:,搜索结果：,搜尋內容：,Hasil untuk:,Şunun sonuçları gösteriliyor:,Resultados para:
modio_btn_retrydownload,Retry Download,Download wiederholen,Riprova il download,Завантажити ще раз,Повторен опит за изтегляне,Réessayer de télécharger,Ponów pobieranie,Voltar a tentar transferência,Újabb letöltési kísérlet,再ダウンロード,다운로드 재시도,Повторить загрузку,Reintentar descarga,ดาวน์โหลดใหม่อีกครั้ง,重试下载,再次下載,Coba Mengunduh Lagi,Tekrar İndirmeyi Dene,Reintentar descarga
modio_btn_retryupdate,Retry Update,Update wiederholen,Riprova l'aggiornamento,Оновити ще раз,Повторен опит за актуализация,Réessayer de mettre à jour,Ponów aktualizację,Voltar a tentar atualização,Újabb frissítési kísérlet,再アップデート,업데이트 재시도,Повторить обновление,Reintentar actualización,อัปเดตใหม่อีกครั้ง,重试更新,再次更新,Coba Memperbarui,Tekrar Güncellemeyi Dene,Reintentar actualización
modio_btn_submit,Submit,Abschicken,Invia,Надіслати,Изпращане,Envoyer,Prześlij,Submeter,Küldés,送信,제출,Отправить,Enviar,ส่ง,提交,送出,Kirim,Gönder,Enviar
modio_btn_search,Search,Suche,Cerca,Пошук,Търсене,Rechercher,Wyszukaj,Pesquisar,Keresés,検索,검색,Поиск,Buscar,ค้นหา,搜索,搜尋,Cari,Ara,Buscar
modio_search_example,Search for Mods...,Suche nach Mods ...,Cerca una mod...,Шукати...,Търсене на модове...,Rechercher des mods…,Wyszukaj mody...,Pesquisar mods...,Modok keresése…,Modを検索…,모드 검색,Искать моды...,Buscar mods...,กำลังค้นหาม็อด...,搜索模组……,搜尋模組……,Cari Mod...,Modları Ara...,Buscar mods
modio_inputprompt_select,Select,Auswählen,Seleziona,Вибрати,Избор,Sélectionner,Wybierz,Selecionar,Kiválasztás,選択,선택,Выбрать,Seleccionar,เลือก,选择,選取,Pilih,Seç,Seleccionar
modio_btn_auth_sendcode,Send Code,Code senden,Invia codice,Надіслати код,Изпращане на код,Envoyer le code,Wyślij kod,Enviar código,Kód küldése,コードを送信,코드 보내기,Отправить код,Enviar código,ส่งรหัส,发送验证码,傳送驗證碼,Kirim Kode,Kod Gönder,Enviar código
modio_report_sending,Sending Report...,Meldung abschicken ...,Invio della segnalazione...,Надсилаємо код...,Докладът се изпраща...,Envoi du rapport…,Wysyłanie raportu...,A enviar denúncia...,Jelentés küldése…,報告を送信中…,신고서 보내는 중...,Отправка жалобы...,Enviando informe...,กำลังส่งรายงาน...,正在发送报告……,正在傳送檢舉內容……,Mengirim Laporan...,Rapor Gönderiliyor...,Enviando informe...
modio_error_generic,Something Went Wrong!,Etwas ist schiefgegangen!,Qualcosa è andato storto!,Щось пішло не так!,Нещо се обърка!,Quelque chose s’est mal passé !,Coś poszło nie tak!,Algo correu mal!,Valami nem stimmel!,問題が発生しました！,뭔가 잘못됐습니다!,Что-то пошло не так!,¡Algo ha salido mal!,เกิดข้อผิดพลาดบางอย่าง!,发生错误！,發生錯誤！,Terjadi Kesalahan!,Bir Hata Meydana Geldi!,¡Algo salió mal!
modio_btn_submitcode,Submit,Abschicken,Invia,Надіслати,Изпращане,Envoyer,Prześlij,Submeter,Küldés,送信,제출,Отправить,Enviar,ส่ง,提交,送出,Kirim,Gönder,Enviar
modio_btn_subscribe,Subscribe,Abonnieren,Iscriviti,Підписатися,Абониране,S’abonner,Subskrybuj,Subscrever,Előfizetés,サブスクライブ,구독하기,Подписаться,Suscribirse,ติดตาม,订阅,訂閱,Berlangganan,Abone Ol,Suscribir
modio_moddepends_header_sub,Subscribe To Mods,Mods abonnieren,Iscriviti alle mod,Підписатися на моди,Абониране за модове,S’abonner à des mods,Subskrybuj mody,Subscrever mods,Feliratkozás modokra,Modをサブスクライブ,모드 구독,Подписаться на моды,Suscribirse a mods,ติดตามม็อด,订阅模组,需訂閱模組,Berlangganan Mod,Modlara Abone Ol,Suscribir a mods
modio_modview_subscribers,Subscribers,Abonnenten,Utenti iscritti,Підписники,Абонати,Abonnés,Subskrybenci,Subscritores,Előfizetők,サブスクライバー,구독자,Подписчики,Suscriptores,ผู้ติดตาม,订阅数,訂閱者數,Pelanggan,Aboneler,Suscriptores
modio_filter_subscriptions,Subscriptions,Abonnements,Iscrizioni,За підписками,Абонаменти,Abonnements,Subskrypcje,Subscrições,Előfizetések,サブスクライブ数,구독,Подписки,Suscripciones,การติดตาม,订阅,訂閱,Langganan,Abonelikler,Suscripciones
modio_btn_tokens_packs,Token Packs,Token-Pakete,Pacchetti di gettoni,Набори жетонів,Пакети с токени,Packs de jetons,Paczki żetonów,Pacotes de tokens,Zsetoncsomagok,トークンパック,토큰 팩,Комплекты жетонов,Paquetes de fichas,แพ็กโทเคน,代币包,代幣包,Paket Token,Jeton Paketleri,Paquetes de tokens
modio_btn_tcs,Terms & Conditions,Geschäftsbedingungen,Termini e condizioni,Правила та умови,Правила и условия,Conditions générales d'utilisation,Regulamin i Warunki,Termos e Condições,Szerződési feltételek,利用条件,이용 약관,Условия обслуживания,Términos y condiciones,ข้อกำหนดและเงื่อนไข,条款与条件,條款與條件,Ketentuan & Syarat,Şartlar ve Koşullar,Términos y condiciones
modio_moddepends_cta_errormissing,There are Mod Dependencies that are currently unavailable.,"Es gibt Mod-Abhängigkeiten, die derzeit nicht verfügbar sind.",Alcune dipendenze mod non sono attualmente disponibili.,Деякі залежності для моду зараз недоступні.,"Има зависимости на мода, които в момента не са налични.",Certaines dépendances de mods sont actuellement indisponibles.,Niektóre zależności moda są obecnie niedostępne.,Há dependências de mods que se encontram indisponíveis.,"Vannak olyan modfüggőségek, amelyek jelenleg nem érhetők el.",現在利用できない必須Modがあります。,현재 사용할 수 없는 모드 종속성이 있습니다.,Некоторые необходимые компоненты мода в настоящее время недоступны.,Hay dependencias de mods que no están disponibles actualmente.,มีไฟล์จำเป็นสำหรับม็อดที่ยังไม่สามารถดาวน์โหลดได้ในปัจจุบัน,存在当前无法取得的依赖模组。,尚有目前無法取得的依賴模組。,Ada Ketergantungan Mod yang saat ini tidak tersedia.,Şu anda kullanılamayan Gerekli Modlar mevcut.,Hay dependencias de mods no disponibles en este momento.
modio_moddepends_cta_errordownload,There are Mod Dependencies that are not downloaded.,"Es gibt Mod-Abhängigkeiten, die nicht heruntergeladen wurden.",Alcune dipendenze mod non sono state scaricate.,Деякі залежності для моду не завантажено.,"Има зависимости на мода, които не са изтеглени.",Certaines dépendances de mods n’ont pas été téléchargées.,Niektóre zależności moda nie zostały pobrane.,Há dependências de mods que não foram transferidas.,"Vannak olyan modfüggőségek, amelyek nincsenek letöltve.",ダウンロードしていない必須Modがあります。,다운로드되지 않은 모드 종속성이 있습니다.,Некоторые необходимые компоненты мода не загружены.,Hay dependencias de mods que no se han descargado.,มีไฟล์จำเป็นสำหรับม็อดที่ยังไม่ได้ดาวน์โหลด,存在尚未下载的依赖模组。,尚有未下載的依賴模組。,Ada Ketergantungan Mod yang saat ini belum diunduh.,İndirilmemiş Gerekli Modlar mevcut.,Faltan dependencias de mods por descargar.
modio_moddepends_description,This mod has Mod Dependencies which are required for it to be installed.,"Dieser Mod hat Mod-Abhängigkeiten, die zur Installation erforderlich sind.",Questa mod ha delle dipendenze mod necessarie per poter essere installata.,"У цього моду є залежності, які необхідно встановити.","Този мод има зависимости на мода, които са необходими, за да бъде инсталиран.",Certaines dépendances de mods sont nécessaires à l’installation de ce mod.,"Ten mod wymaga zależności, które są potrzebne do jego zainstalowania.",Este mod tem dependências de mods que são obrigatórias para que possa ser instalado.,"Ez a mod modfüggőségekkel rendelkezik, amelyek szükségesek a telepítéshez.",このModをインストールするには必須Modが必要です。,해당 모드에는 설치에 필요한 모드 종속성이 있습니다.,Для установки этого мода нужно также установить необходимые компоненты.,Este mod tiene dependencias de mods necesarias para su funcionamiento.,ม็อดนี้มีไฟล์จำเป็นซึ่งต้องดาวน์โหลดก่อนจึงจะสามารถติดตั้งได้,此模组有必须安装的依赖模组。,此模組有必須安裝的依賴模組。,Ada Ketergantungan Mod yang wajib dipasang.,Bu modun kurulabilmesi için Gerekli Modlar mevcut.,Este mod tiene dependencias que son necesarias para poder instalarse.
modio_purchase_details,This mod will be added to your subscriptions and begin downloading after purchasing,Dieser Mod wird zu deinen Abonnements hinzugefügt und wird nach dem Kauf heruntergeladen.,Questa mod verrà aggiunta alle tue iscrizioni e il download inizierà dopo l'acquisto.,Після придбання мод буде додано до ваших підписок і почне завантажуватися,Този мод ще бъде добавен към вашите абонаменти и ще започне да се изтегля след покупката,Ce mod sera ajouté à vos abonnements et le téléchargement débutera après l’achat,Ten mod zostanie dodany do twoich subskrypcji i po zakupie rozpocznie się jego pobieranie.,Este mod vai ser adicionado às tuas subscrições e a sua transferência vai começar após a compra,"Ez a mod hozzáadódik az előfizetéseidhez, és a megvásárlás után megkezdődik a letöltés",このModはお客様のサブスクリプションに追加され、購入後にダウンロードが始まります。,해당 모드는 구독에 추가되며 구매 후 다운로드가 시작됩니다.,Этот мод будет добавлен в ваши подписки и начнет загружаться после покупки,Este mod se añadirá a tus suscripciones y empezará a descargarse en cuanto lo compres.,ม็อดนี้จะถูกเพิ่มไปยังรายการติดตามของคุณแล้วเริ่มดาวน์โหลดหลังจากซื้อเสร็จสิ้น,此模组将于购买后加入订阅并开始下载,此模組將於購買後加入訂閱並開始下載,Mod ini akan ditambahkan ke langganan Anda dan mulai diunduh setelah dibeli,"Bu mod, satın aldıktan sonra aboneliklerine eklenir ve indirilmeye başlanır.",Este mod se añadirá a tus suscripciones y comenzará a descargarse después de la compra.
modio_report_description,"To help us process your report, please provide as much detail and evidence as possible.","Um uns die Bearbeitung deiner Meldung zu erleichtern, bitten wir dich, so viele Details und Nachweise wie möglich anzugeben.","Per aiutarci a elaborare la tua segnalazione, fornisci quanti più dettagli e prove possibili.",Для пришвидшення обробки вашої скарги надайте якомога більше подробиць і доказів.,"За да ни помогнете да обработим вашия доклад, предоставете възможно най-много подробности и доказателства.","Pour nous aider à traiter votre rapport, merci de fournir autant de détails et de preuves que possible.","Aby pomóc nam przetworzyć zgłoszenie, podaj jak najwięcej szczegółów i dowodów.","Para nos ajudares a processar a tua denúncia, indica-nos o maior número possível de detalhes e provas.","Jelentésed feldolgozása érdekében kérjük, adj meg a lehető legtöbb részletet és bizonyítékot.",お客様の報告を適切に取り扱えるよう、できるだけ詳細な内容と証拠になる情報をお伝えください。,신고서 처리에 도움이 될 수 있도록 가능한 한 많은 세부 정보와 증거를 제공해 주세요.,"Чтобы мы могли обработать ваше сообщение, предоставьте как можно больше информации и доказательств.","Para ayudarnos a procesar tu informe, ofrécenos todos los detalles y pruebas posibles.",หากต้องการช่วยให้เราประมวลผลการรายงานได้ง่ายขึ้น โปรดให้ข้อมูลโดยละเอียดที่สุดและให้หลักฐานให้มากที่สุดเท่าที่ทำได้,为帮助我们处理您的报告内容，请尽可能提供详细信息和证据。,為幫助我們處理檢舉內容，請盡可能提供詳細資料與證據。,"Untuk membantu kami memproses laporan Anda, harap berikan detail dan bukti sebanyak mungkin.",Raporunu işlememize yardımcı olması için lütfen mümkün olduğunca fazla ayrıntı ve kanıt sağla.,Proporciona tantos detalles y pruebas como sea posible para que podamos procesar tu informe.
modio_timespan_today,Today,Heute,Oggi,Сьогодні,Днес,Aujourd’hui,Dziś,Hoje,Ma,今日,오늘,Сегодня,Hoy,วันนี้,今日,今日,Hari Ini,Bugün,Hoy
modio_moddepends_total,Total,Insgesamt,Totali,Загалом,Общо,Total,W sumie,Total,Összesen,合計,합계,Всего,Total,ทั้งหมด,总容量,總大小,Total,Toplam,Total
modio_filter_trending,Trending,Tendenz,Di tendenza,За завантаженнями,Тенденция,Tendance,Zyskujące na popularności,Em tendência,Legnépszerűbb,トレンド,추세,В тренде,Tendencias,กำลังมาแรง,近期趋势,趨勢,Trendi,Popüler,En tendencia
modio_modstatus_uploaded,Uploaded,Hochgeladen,Data di caricamento,Завантажено,Качено,Téléversé,Przesłane,Último carregamento,Feltöltött,アップロード日,업로드 완료,Загружено в систему,Enviado,อัปโหลดแล้ว,已上传,上傳,Diunggah,Yüklenme Tarihi,Cargado
modio_modstatus_uploading,Uploading,Wird hochgeladen,Caricamento in corso,Завантажується,Качва се,Téléversement en cours,Przesyłanie,A carregar,Feltöltés,アップロード中,업로드 중,Загружается в систему,Enviando,กำลังอัปโหลด,正在上传,正在上傳,Sedang Mengunggah,Yükleniyor,Cargando
modio_modstate_uninstalling,Uninstalling,Wird deinstalliert,Disinstallazione in corso,Видаляється,Деинсталиране,Désinstallation en cours,Odinstalowanie,A desinstalar,Eltávolítás,アンインストール中,설치 제거 중,Удаление,Desinstalando,กำลังถอนการติดตั้ง,正在卸载,正在解除安裝,Sedang Melepas,Kaldırılıyor,Desinstalando
modio_btn_unsubscribe,Unsubscribe,Abonnement beenden,Annulla iscrizione,Відписатися,Отписване,Se désabonner,Cofnij subskrypcję,Anular subscrição,Leiratkozás,アンサブスクライブ,구독 취소,Отписаться,Desuscribirse,เลิกติดตาม,取消订阅,解除訂閱,Batalkan Langganan,Abonelikten Çık,Anular suscripción
modio_modview_updated,Updated,Aktualisiert,Aggiornata,Оновлено,Актуализиран,Mis à jour,Zaktualizowane,Última atualização,Frissítve,アップデート済,업데이트 완료,Обновлено,Actualizado,อัปเดตแล้ว,已更新,更新,Diperbarui,Güncellenme Tarihi,Actualizado
modio_modstate_updating,Updating,Wird aktualisiert,Aggiornamento in corso,Оновлюється,Актуализиране,Mise à jour en cours,Aktualizowanie,A atualizar,Frissítés,アップデート中,업데이트 중,Обновляется,Actualizando,กำลังอัปเดต,正在更新,正在更新,Sedang Memperbarui,Güncelleniyor,Actualizando
modio_btn_auth_anotheremail,Use Another Email,Andere E-Mail-Adresse verwenden,Usa un'altra e-mail,Ввести іншу електронну пошту,Използвайте друг имейл,Utiliser un autre e-mail,Użyj innego e-maila,Usar outro email,Másik e-mail-cím használata,他のメールを使用,다른 이메일을 사용해 주세요,Использовать другой адрес,Usar otro correo electrónico,ใช้อีเมลอื่น,使用其他电子邮箱,使用其他電子郵件,Gunakan Email Lain,Başka Bir E-posta Kullan,Usar otro correo electrónico
modio_modview_version,Version,Version,Versione,Версія,Версия,Version,Wersja,Versão,Verzió,バージョン,버전,Версия,Versión,เวอร์ชัน,版本,版本,Versi,Sürüm,Versión
modio_btn_viewmod,View Mod,Mod-Ansicht,Visualizza mod,Переглянути,Преглед на мод,Afficher le mod,Wyświetl moda,Ver mod,Mod megtekintése,Modを表示,모드 보기,Показать мод,Ver mod,ดูม็อด,查看模组,查看模組,Lihat Mod,Modu Görüntüle,Ver mod
modio_waiting_generic_header,Waiting,Warte,In attesa,Зачекайте,Изчакване,En attente,Oczekiwanie,A aguardar,Várakozás,待機中,대기중,Ожидание,Esperando,กำลังรอ,正在等待,正在等待,Sedang Menunggu,Bekleniyor,Esperando
modio_auth_description,"We use mod.io to support user-generated content in-game. By clicking “I agree” you agree to mod.io Terms of Use and a mod.io account will be created for you (using your display name, avatar and ID). Please see the mod.io Privacy Policy on how mod.io processes your personal data.","Wir verwenden mod.io, um nutzergenerierte Inhalte im Spiel zu unterstützen. Indem du auf „Ich stimme zu“ klickst, erklärst du dich mit den Nutzungsbedingungen von mod.io einverstanden und es wird ein mod.io-Konto für dich erstellt (unter Verwendung deines Anzeigenamens, Avatars und deiner ID). In der Datenschutzerklärung von mod.io erfährst du, wie mod.io deine personenbezogenen Daten verarbeitet.","Utilizziamo mod.io per supportare i contenuti generati dagli utenti nel gioco. Facendo clic su ""Accetto"", accetti i Termini di utilizzo di mod.io, e verrà creato per te un account mod.io (utilizzando tuoi dati quali nome, avatar e ID visualizzati). Consulta l'Informativa sulla privacy di mod.io per scoprire come mod.io gestisce i tuoi dati personali.","mod.io створено для підтримки користувацького вмісту для ігор. Натиснувши «Погоджуюсь», ви приймаєте Умови використання сайту, і для вас буде створено обліковий запис (з вашим ім'ям користувача, аватаром й ідентифікатором). Ознайомтеся з Політикою конфіденційності mod.io, щоб знати, як наш сайт обробляє ваші персональні дані.","Използваме mod.io, за да поддържаме генерирано от потребителите съдържание в играта. Щраквайки върху „Приемам“, вие приемате Условията за ползване на mod.io и за вас ще бъде създаден акаунт в mod.io (използвайки вашето екранно име, аватар и ID). Вижте Политиката за поверителност на mod.io за това как mod.io обработва вашите лични данни.","Nous utilisons mod.io pour soutenir le contenu généré par les utilisateurs dans le jeu. En cliquant sur « J'accepte », vous acceptez les conditions d'utilisation de mod.io et un compte mod.io sera créé pour vous (en utilisant votre nom affiché, votre avatar et votre identifiant). Veuillez consulter la politique de confidentialité de mod.io pour savoir comment mod.io traite vos données personnelles.","Używamy mod.io do wsparcia zawartości tworzonej przez użytkowników w grze. Klikając w opcję „Zgadzam się”, zgadzasz się na Regulamin Użytkowania mod.io i stworzenie dla ciebie konta mod.io (skorzystamy z twojego wyświetlanego imienia, awatara i identyfikatora). Sprawdź Politykę Prywatności mod.io, aby sprawdzić, w jaki sposób mod.io przetwarza twoje dane osobowe.","Usamos a mod.io para apoiar conteúdos gerados por utilizadores nos jogos. Ao clicares em ""Aceitar"", aceitas os Termos de Utilização da mod.io e será criada uma conta mod.io para ti (com o teu nome a apresentar, avatar e ID). Consulta a Política de Privacidade da mod.io para veres como esta trata os teus dados pessoais.","A mod.io-t használjuk a felhasználók által generált tartalom támogatására a játékban. Az „Elfogadom” gombra kattintva elfogadod a mod.io Használati feltételeit, és egy mod.io fiók jön létre számodra (megjelenített neved, avatárod és azonosítód segítségével). A mod.io Adatvédelmi szabályzatából megtudhatod, hogyan dolgozza fel a mod.io a személyes adataidat.",mod.ioは、ゲーム内におけるユーザー生成コンテンツをサポートするサービスです。「同意する」をクリックすると、mod.ioの利用規約に同意したと見なされ、mod.ioアカウントが作成されます（お客様の表示名、アバター、IDを使用）。mod.ioのプライバシーポリシーで、mod.ioにおけるお客様の個人データの取扱いについてご確認ください。,"저희는 mod.io를 사용하여 게임 내에서 사용자가 생성한 콘텐츠를 지원합니다. “동의합니다”를 클릭하면 mod.io 이용 약관에 동의하는 것이며 mod.io 계정이 생성됩니다(표시 이름, 아바타 및 ID 사용). mod.io가 개인 데이터를 처리하는 방법은 mod.io 개인정보 보호정책을 참조하세요.","Мы используем mod.io для поддержки пользовательских материалов в играх. Нажимая «Я соглашаюсь», вы соглашаетесь с Условиями использования mod.io и с тем, что для вас будет создана учетная запись mod.io (с использованием ваших отображаемого имени, аватара и ID). Пожалуйста, ознакомьтесь с Политикой конфиденциальности mod.io, чтобы узнать, как mod.io обрабатывает ваши персональные данные.","Utilizamos mod.io para apoyar el contenido generado por los usuarios en los juegos. Al hacer clic en ""Acepto"", asumirás las condiciones de uso de mod.io y se creará una cuenta de mod.io para ti (usando tu nombre visible, avatar e ID). Consulta la política de privacidad de mod.io para saber cómo mod.io procesa tus datos personales.","เราใช้ mod.io เพื่อช่วยเหลือเกี่ยวกับเนื้อหาที่สร้างโดยผู้ใช้ในเกม เมื่อคลิก ""ฉันยอมรับ"" จะหมายความว่าคุณยอมรับข้อตกลงในการใช้งานและระบบจะสร้างบัญชี mod.io ให้แก่คุณ (โดยใช้ชื่อที่แสดง อวตาร์ และ ID ของคุณ) โปรดอ่านนโยบายความเป็นส่วนตัวของ mod.io เพื่อทราบเกี่ยวกับวิธีที่ mod.io ประมวลผลข้อมูลส่วนตัวของคุณ",我们使用 mod.io 来协助处理游戏内的用户生成内容。点击“我同意”，即表示您已同意 mod.io 使用条款，并许可我们为您创建一个 mod.io 账号（使用您显示的名称、头像以及 ID）。请查看 mod.io 隐私政策以了解 mod.io 如何处理您的个人数据。,我們使用 mod.io 協助處理遊戲內的使用者創作內容。點選「我同意」代表您同意 mod.io 使用條款，並同意系統為您建立 mod.io 帳號（使用您顯示的名稱、頭像及 ID）。請查看 mod.io 隱私權政策，了解 mod.io 如何處理您的個人資料。,"Kami menggunakan mod.io untuk mendukung konten yang dihasilkan pengguna dalam game. Dengan mengeklik “Saya Setuju”, Anda menyetujui Ketentuan Penggunaan mod.io dan akun mod.io akan dibuat untuk Anda (menggunakan nama tampilan, avatar dan ID Anda). Silakan lihat Kebijakan Privasi mod.io tentang bagaimana mod.io memproses data pribadi Anda.","mod.io'yu kullanarak kullanıcılar tarafından oluşturulmuş içerikleri oyun içinde destekliyoruz. ""Kabul ediyorum""a tıklayarak mod.io'nun Kullanım Koşulları'nı kabul etmiş olursun ve senin için bir mod.io hesabı oluşturulur (Görüntülenen adını, avatarını ve ID'ni kullanır). mod.io'nun kişisel verilerini nasıl işlediğini öğrenmek için lütfen mod.io Gizlilik Politikası'na göz at.","Utilizamos mod.io para habilitar contenido generado por los usuarios dentro del juego. Al seleccionar «Acepto», aceptas los Términos de uso de mod.io y se generará una cuenta de mod.io a tu nombre (con tu nombre de usuario, avatar e ID). Revisa la Política de privacidad de mod.io para conocer cómo se manejan tus datos personales."
modio_purchase_tokens,Would you like to buy a token pack?,Möchtest du ein Token-Paket kaufen?,Vuoi acquistare un pacchetto di gettoni?,Бажаєте купити набір жетонів?,Искате ли да закупите пакет токени?,Voulez-vous acheter un pack de jetons ?,Chcesz kupić pakiet żetonów?,Gostarias de comprar o pacote de tokens?,Szeretnél vásárolni egy zsetoncsomagot?,トークンパックを購入しますか？,토큰 팩을 구매하시겠습니까?,Хотите купить комплект жетонов?,¿Quieres comprar un paquete de fichas?,คุณต้องการซื้อแพ็กโทเคนหรือไม่,要购买代币包吗？,是否要購買代幣包？,Apakah Anda ingin membeli paket token?,Bir jeton paketi satın almak ister misin?,¿Quieres comprar un paquete de tokens?
modio_moddepends_cta_errorstorage,You do not have enough storage available to perform this subscription.,"Du verfügst nicht über genügend Speicherplatz, um dieses Abonnement abzuschließen.",Non disponi di memoria sufficiente per effettuare l'iscrizione.,Для підписки у вас бракує місця на диску.,"Нямате достатъчно налично място за съхранение, за да направите този абонамент.",Votre capacité de stockage disponible est insuffisante pour prendre cet abonnement.,"Masz za mało dostępnego miejsca, aby dokonać tej subskrypcji.",Não tens espaço de armazenamento suficiente para efetuar esta subscrição.,Nincs elég tárhelyed a feliratkozás végrehajtásához.,このサブスクリプションを実行するのに十分なストレージがありません。,이 구독을 실행하기에 충분한 저장 공간이 없습니다.,У вас недостаточно доступного места для оформления этой подписки.,No tienes suficiente almacenamiento para habilitar esta suscripción.,คุณมีพื้นที่ไม่เพียงพอที่จะดำเนินการติดตามนี้ได้,您的储存空间不足，无法完成此订阅。,儲存空間不足，無法執行此訂閱。,Anda tidak memiliki penyimpanan yang cukup untuk menjalankan langganan ini.,Bu aboneliği gerçekleştirmek için yeterli depolama alanına sahip değilsin.,No tienes suficiente almacenamiento para realizar esta suscripción.
modio_tokens_desc_insufficient,You have insufficient tokens to buy this mod.,"Du hast nicht genügend Token, um diesen Mod zu kaufen.",Non hai abbastanza gettoni per acquistare questa mod.,Недостатньо жетонів для купівлі цього моду.,"Нямате достатъчно токени, за да купите този мод.",Vous n’avez pas assez de jetons pour acheter ce mod.,"Masz za mało żetonów, aby kupić tego moda.",Tens tokens insuficientes para comprar este mod.,Nincs elegendő zsetonod a mod megvásárlásához.,このModを購入するのに十分なトークンがありません。,해당 모드를 구매하기에 토큰이 부족합니다.,У вас недостаточно жетонов для покупки этого мода.,No tienes fichas suficientes para comprar este mod.,คุณมีโทเคนไม่เพียงพอที่จะซื้อม็อดนี้ได้,您的代币不足，无法购买此模组。,代幣不足，無法購買此模組。,Token Anda tidak cukup untuk membeli mod ini.,Bu modu satın almaya yetecek jetona sahip değilsin.,No tienes suficientes tokens para comprar este mod.
modio_report_successful,Your Report Was Successfully Submitted.,Deine Meldung wurde erfolgreich abgeschickt.,La tua segnalazione è stata inviata con successo.,Вашу скаргу надіслано.,Вашият доклад беше успешно подаден.,Votre rapport a été envoyé avec succès.,Twoje zgłoszenie zostało przesłane z powodzeniem.,A tua denúncia foi enviada com êxito.,Jelentésed sikeresen elküldve.,報告が正常に送信されました。,신고서가 성공적으로 제출되었습니다.,Ваше сообщение отправлено.,Tu informe se ha enviado correctamente.,ส่งการรายงานของคุณเรียบร้อยแล้ว,您的报告已成功提交。,檢舉內容已成功送出。,Laporan Anda Sudah Berhasil Dikirimkan.,Raporun Başarıyla Gönderildi.,Tu informe se envió correctamente.
modio_modview_author_description,by ({0}),von ({0}),da ({0}),від ({0}),от ({0}),par ({0}),autorstwo: ({0}),por ({0}),készítő: ({0}),({0})のMod,({0}) 제작,автор ({0}),de ({0}),ตาม ({0}),创作者（{0}）,創作者（{0}）,oleh ({0}),Geliştirici: ({0}),de ({0})
modio_modview_updated_value,{2}d ago,vor {2} T.,{2} giorni fa,{2} д. тому,Преди {2} дни,il y a {2} jour(s),{2} dzień/dni temu,Há {2} dia(s),{2} napja,{2}日前,{2}일 전,{2} д. назад,hace {2} día(s),{2}วันที่ผ่านมา,{2} 日前,{2} 天前,{2} hari yang lalu,{2} gün önce,Hace {2} d
modio_unit_bytes,B,B,B,Б,Битове,O,B,B,B,B,B,Б,B,B,B,B,B,B,B
modio_btn_report_dmca,DMCA,DMCA,DMCA,DMCA,DMCA,DMCA,DMCA,DMCA,DMCA,DMCA,DMCA,DMCA,DMCA,DMCA,DMCA,DMCA,DMCA,DMCA,DMCA
modio_btn_report_false,False Information,Falsche Informationen,Informazioni false,Неправдива інформація,Невярна информация,Fausse information,Fałszywe informacje,Informações falsas,Hamis információ,偽情報,허위 정보,Неверная информация,Información falsa,ข้อมูลไม่เป็นความจริง,错误信息,錯誤資訊,Informasi Salah,Yanlış Bilgi,Información falsa
modio_unit_gb,GB,GB,GB,ГБ,GB,Go,GB,GB,GB,GB,GB,ГБ,GB,GB,GB,GB,GB,GB,GB
modio_btn_report_generic,Generic,Allgemein,Generico,Загальне,Общи,Générique,Ogólne,Genérico,Általános,一般的な問題,일반,Общее,Genérico,ทั่วไป,一般,一般,Umum,Genel,Genérico
modio_btn_report_illegal,Illegal Content,Unzulässige Inhalte,Contenuto illegale,Незаконний вміст,Незаконно съдържание,Contenu illégal,Zawartość nielegalna,Conteúdo ilegal,Illegális tartalom,違法なコンテンツ,불법 콘텐츠,Незаконный контент,Contenido ilegal,เนื้อหาผิดกฎหมาย,违法内容,違法內容,Konten Ilegal,Yasa Dışı İçerik,Contenido ilegal
modio_modstate_installed,Installed,Installiert,Installata,Встановлено,Инсталиран,Installé,Zainstalowano,Instalado,Telepítve,インストール済,설치 완료,Установлено,Instalado,ติดตั้งแล้ว,已安装,已安裝,Dipasang,Kurulu,Instalado
modio_unit_kb,KB,KB,KB,КБ,KB,Ko,KB,KB,KB,KB,KB,КБ,KB,KB,KB,KB,KB,KB,KB
modio_unit_mb,MB,MB,MB,МБ,MB,Mo,MB,MB,MB,MB,MB,МБ,MB,MB,MB,MB,MB,MB,MB
modio_error_network,Network Error,Netzwerkfehler,Errore di rete,Помилка мережі,Мрежова грешка,Erreur réseau,Błąd sieci,Erro na rede,Hálózati hiba,ネットワークエラー,네트워크 오류,Ошибка сети,Error de red,เกิดข้อผิดพลาดกับเครือข่าย,网络错误,網路錯誤,Kesalahan Jaringan,Ağ Hatası,Error de red
modio_btn_report_notworking,Not Working,Funktioniert nicht,Non funzionante,Не працює,Не работи,Ne fonctionne pas,Nie działa,Não está a funcionar,Nem működik,正常に動作していません,실행 오류,Не работает,No funciona,ไม่ทำงาน,无法运行,無法運行,Tidak Berjalan,Çalışmıyor,No funciona
modio_btn_report_other,Other,Anderer,Altro,Інше,Други,Autre,Inne,Outro,Egyéb,その他,기타,Другое,Otro,อื่นๆ,其他,其他,Lainnya,Diğer,Otro
modio_btn_report_rude,Rude Content,Unanständige Inhalte,Contenuto offensivo,Образливий контент,Съдържание с грубости,Contenu impoli,Zawartość nieprzyjemna,Conteúdo rude,Durva tartalom,不快なコンテンツ,불쾌한 콘텐츠,Оскорбительный контент,Contenido zafio,เนื้อหาหยาบคาย,粗俗内容,粗鄙內容,Konten Kasar,Kaba İçerik,Contenido ofensivo
modio_btn_report_stolen,Stolen Content,Gestohlene Inhalte,Contenuto rubato,Крадений контент,Откраднато съдържание,Contenu volé,Zawartość skradziona,Conteúdo roubado,Lopott tartalom,盗難されたコンテンツ,도난된 콘텐츠,Украденный контент,Contenido robado,เนื้อหาที่ขโมยมา,剽窃内容,盜竊內容,Konten Tercuri,Çalıntı İçerik,Contenido robado
modio_btn_termsofuse,Terms Of Use,Nutzungsbedingungen,Termini di utilizzo,Умови використання,Условия за ползване,Conditions d’utilisation,Regulamin Użytkowania,Termos de Utilização,Használati feltételek,利用規約,사용 약관,Условия использования,Condiciones de uso,ข้อตกลงในการใช้งาน,使用条款,使用條款,Ketentuan Penggunaan,Kullanım Koşulları,Términos de uso
modio_moddepends_header_view,Mod Dependencies,Mod-Abhängigkeiten,Dipendenze mod,Залежності моду,Зависимости на модове,Dépendances des mods,Zależności moda,Dependências do mod,Modfüggőségek,必須Mod,모드 종속성,Необходимые компоненты мода,Dependencias del mod,ไฟล์ที่จำเป็นสำหรับม็อด,依赖模组,依賴模組,Ketergantungan Mod,Gerekli Modlar,Dependencias de mod
modio_btn_refundpolicy,Refund Policy,Erstattungsrichtlinie,Politica di rimborso,Порядок повернення коштів,Правила за възстановяване на средства,Politique de remboursement,Polityka Zwrotów,Política de Reembolso,Visszatérítési szabályzat,返金ポリシー,환불 정책,Политика возврата средств,Política de devoluciones,นโยบายการคืนเงิน,退款政策,退款政策,Kebijakan Pengembalian Dana,İade Politikası,Política de reembolso
modio_error_description_api_11030,Unable to authenticate with mod.io. Users under the age of 13 are not permitted to create a mod.io account. See the mod.io Terms of Use for further details.,"Authentifizierung bei mod.io nicht möglich. Nutzern unter 13 Jahren ist es nicht gestattet, ein mod.io-Konto zu erstellen. Siehe die mod.io-Nutzungsbedingungen für weitere Details.","Impossibile eseguire l'autenticazione con mod.io. Gli utenti di età inferiore ai 13 anni non possono creare un account mod.io. Per ulteriori dettagli, consulta i Termini di utilizzo di mod.io.",Ви не пройшли автентифікацію на mod.io. Користувачам віком до 13 років не дозволено створювати облікові записи на mod.io. Зверніться до Умов використання mod.io за докладнішою інформацією.,Не може да бъде удостоверено с mod.io. Потребители под 13-годишна възраст нямат право да създават акаунт в mod.io. Вижте Условията за ползване на mod.io за повече подробности.,Impossible de s'authentifier avec mod.io. Les utilisateurs de moins de 13 ans ne sont pas autorisés à créer un compte mod.io. Voir les conditions d'utilisation de mod.io pour plus de détails.,"Nie udało się zweryfikować przez mod.io. Użytkownicy, którzy nie ukończyli 13 lat, nie mogą tworzyć kont mod.io. Sprawdź Regulamin Użytkowania mod.io, aby zyskać więcej informacji.",Não foi possível autenticar com a mod.io. Os utilizadores com menos de 13 anos não estão autorizados a criar uma conta mod.io. Consulta os Termos de Utilização da mod.io para obter mais detalhes.,Nem lehet hitelesíteni a mod.io segítségével. 13 éven aluli felhasználók nem hozhatnak létre mod.io-fiókot. További részletekért tekintsd meg a mod.io Használati feltételeit.,mod.ioで認証出来ませんでした。13歳以下の方は、mod.ioアカウントを作成することができません。詳細は、mod.ioの利用規約をご確認ください。,mod.io로 인증할 수 없습니다. 13세 미만의 사용자는 mod.io 계정을 만들 수 없습니다. 자세한 내용은 mod.io 이용 약관을 참조하세요.,Не удалось выполнить авторизацию на mod.io. Пользователям младше 13 лет не разрешено создавать учетную запись mod.io. См. Условия использования mod.io для получения дополнительной информации.,No puedes autenticarte en mod.io. Los usuarios menores de 13 años no pueden crear una cuenta de mod.io. Más detalles en las condiciones de uso de mod.io.,ไม่สามารถยืนยันตัวตนกับ mod.io ได้ ผู้ใช้ที่มีอายุไม่ถึง 13 ปีจะไม่ได้รับอนุญาตให้สร้างบัญชี mod.io ได้ โปรดอ่านข้อตกลงในการใช้งานของ mod.io เพื่อดูรายละเอียดเพิ่มเติม,无法通过 mod.io 验证。用户未满 13 周岁不得创建 mod.io 账号。查看 mod.io 使用条款以了解详情。,無法取得 mod.io 授權。年齡未滿 13 歲的使用者不得建立 mod.io 帳號。請查看 mod.io 使用條款，進一步了解詳情。,Tidak dapat melakukan pengesahan dengan mod.io. Pengguna yang berusia di bawah 13 tahun tidak diizinkan untuk membuat akun mod.io. Lihat Ketentuan Penggunaan mod.io untuk detail lebih lanjut.,mod.io ile doğrulanamadı. 13 yaşından küçük kullanıcıların bir mod.io hesabı oluşturma izni yoktur. Ayrıntılı bilgi için mod.io Kullanım Koşulları'na göz at.,No se pudo autenticar con mod.io. Los usuarios menores de 13 años no pueden crear una cuenta en mod.io. Consulta los Términos de uso de mod.io para más detalles.
modio_error_description_api_11085,Unable to authenticate with mod.io. Users under the age of 13 are not permitted to create a mod.io account. See the mod.io Terms of Use for further details.,"Authentifizierung bei mod.io nicht möglich. Nutzern unter 13 Jahren ist es nicht gestattet, ein mod.io-Konto zu erstellen. Siehe die mod.io-Nutzungsbedingungen für weitere Details.","Impossibile eseguire l'autenticazione con mod.io. Gli utenti di età inferiore ai 13 anni non possono creare un account mod.io. Per ulteriori dettagli, consulta i Termini di utilizzo di mod.io.",Ви не пройшли автентифікацію на mod.io. Користувачам віком до 13 років не дозволено створювати облікові записи на mod.io. Зверніться до Умов використання mod.io за докладнішою інформацією.,Не може да бъде удостоверено с mod.io. Потребители под 13-годишна възраст нямат право да създават акаунт в mod.io. Вижте Условията за ползване на mod.io за повече подробности.,Impossible de s'authentifier avec mod.io. Les utilisateurs de moins de 13 ans ne sont pas autorisés à créer un compte mod.io. Voir les conditions d'utilisation de mod.io pour plus de détails.,"Nie udało się zweryfikować przez mod.io. Użytkownicy, którzy nie ukończyli 13 lat, nie mogą tworzyć kont mod.io. Sprawdź Regulamin Użytkowania mod.io, aby zyskać więcej informacji.",Não foi possível autenticar com a mod.io. Os utilizadores com menos de 13 anos não estão autorizados a criar uma conta mod.io. Consulta os Termos de Utilização da mod.io para obter mais detalhes.,Nem lehet hitelesíteni a mod.io segítségével. 13 éven aluli felhasználók nem hozhatnak létre mod.io-fiókot. További részletekért tekintsd meg a mod.io Használati feltételeit.,mod.ioで認証出来ませんでした。13歳以下の方は、mod.ioアカウントを作成することができません。詳細は、mod.ioの利用規約をご確認ください。,mod.io로 인증할 수 없습니다. 13세 미만의 사용자는 mod.io 계정을 만들 수 없습니다. 자세한 내용은 mod.io 이용 약관을 참조하세요.,Не удалось выполнить авторизацию на mod.io. Пользователям младше 13 лет не разрешено создавать учетную запись mod.io. См. Условия использования mod.io для получения дополнительной информации.,No puedes autenticarte en mod.io. Los usuarios menores de 13 años no pueden crear una cuenta de mod.io. Más detalles en las condiciones de uso de mod.io.,ไม่สามารถยืนยันตัวตนกับ mod.io ได้ ผู้ใช้ที่มีอายุไม่ถึง 13 ปีจะไม่ได้รับอนุญาตให้สร้างบัญชี mod.io ได้ โปรดอ่านข้อตกลงในการใช้งานของ mod.io เพื่อดูรายละเอียดเพิ่มเติม,无法通过 mod.io 验证。用户未满 13 周岁不得创建 mod.io 账号。查看 mod.io 使用条款以了解详情。,無法取得 mod.io 授權。年齡未滿 13 歲的使用者不得建立 mod.io 帳號。請查看 mod.io 使用條款，進一步了解詳情。,Tidak dapat melakukan pengesahan dengan mod.io. Pengguna yang berusia di bawah 13 tahun tidak diizinkan untuk membuat akun mod.io. Lihat Ketentuan Penggunaan mod.io untuk detail lebih lanjut.,mod.io ile doğrulanamadı. 13 yaşından küçük kullanıcıların bir mod.io hesabı oluşturma izni yoktur. Ayrıntılı bilgi için mod.io Kullanım Koşulları'na göz at.,No se pudo autenticar con mod.io. Los usuarios menores de 13 años no pueden crear una cuenta en mod.io. Consulta los Términos de uso de mod.io para más detalles.
modio_error_description_api_11096,Unable to authenticate with mod.io. This Playstation™Network account is not permitted to access User Generated Content. This can be changed in your Playstation™Network privacy settings.,Authentifizierung mit mod.io nicht möglich. Diesem Playstation™Network-Konto ist der Zugriff auf nutzergenerierte Inhalte nicht gestattet. Dies kann in deinen Playstation™Network-Privatsphäre-Einstellungen geändert werden.,Impossibile eseguire l'autenticazione con mod.io. Questo account Playstation™Network non è autorizzato ad accedere ai contenuti generati dagli utenti. Puoi modificare questa impostazione nelle impostazioni sulla privacy di Playstation™Network.,Ви не пройшли автентифікацію на mod.io. Ваш обліковий запис Playstation™Network не має доступу до користувацького контенту. Це можна змінити в настройках конфіденційності Playstation™Network.,Не може да бъде удостоверено с mod.io. На този акаунт в Playstation™Network не е разрешен достъп до генерирано от потребители съдържание. Това може да се промени в настройките за поверителност на Playstation™Network.,Impossible de s'authentifier avec mod.io. Ce compte Playstation™Network n'est pas autorisé à accéder au contenu généré par l'utilisateur. Cela peut être modifié dans vos paramètres de confidentialité Playstation™Network.,Nie udało się zweryfikować przez mod.io. Niniejsze konto PlayStation™Network nie ma zezwolenia na dostęp do zawartości generowanej przez użytkowników. Można to zmienić w ustawieniach prywatności PlayStation™Network.,Não foi possível autenticar com a mod.io. Esta conta da Playstation™Network não tem autorização para aceder a conteúdo gerado por utilizadores. Isto pode ser alterado nas tuas definições de privacidade da Playstation™Network.,Nem lehet hitelesíteni a mod.io segítségével. Ennek a Playstation™Network-fióknak nincs engedélye felhasználó által generált tartalom elérésére. Ez a Playstation™Network adatvédelmi beállításaidnál módosítható.,mod.ioで認証出来ませんでした。このPlaystation™Networkアカウントでは、ユーザー生成コンテンツを利用できません。この設定は、Playstation™Networkのプライバシー設定で変更できます。,mod.io로 인증할 수 없습니다. 해당 Playstation™Network 계정은 사용자 생성 콘텐츠에 액세스할 수 없습니다. 해당 설정은 Playstation™Network 개인정보 보호 설정에서 변경할 수 있습니다.,Не удалось выполнить авторизацию на mod.io. Эта учетная запись Playstation™Network не имеет доступа к пользовательским материалам. Этот параметр можно изменить в настройках конфиденциальности вашей учетной записи Playstation™Network.,No puedes autenticarte en mod.io. Esta cuenta de Playstation™Network no tiene permiso para acceder a contenido generado por los usuarios. Puedes modificar esto en los ajustes de privacidad de Playstation™Network.,ไม่สามารถยืนยันตัวตนกับ mod.io ได้ บัญชี Playstation™Network นี้ไม่ได้รับอนุญาตให้เข้าถึงเนื้อหาที่สร้างโดยผู้ใช้ได้ โดยสามารถเปลี่ยนแปลงการตั้งค่านี้ได้ในการตั้งค่าความเป็นส่วนตัว Playstation™Network ของคุณ,无法通过 mod.io 验证。此 Playstation™Network 账号未允许获取用户生成内容。可在您的 Playstation™Network 隐私设置中变更此设置。,無法取得 mod.io 授權。該 Playstation™Network 帳號無權存取使用者創作內容。此選項可在 Playstation™Network 隱私權設定中變更。,Tidak dapat melakukan pengesahan dengan mod.io. Akun Playstation™Network tidak diizinkan untuk mengakses Konten yang Dihasilkan Pengguna. Ini bisa diubah di pengaturan privasi Playstation™Network Anda.,"mod.io ile doğrulanamadı. Bu Playstation™Network için hesabın, Kullanıcılar Tarafından Oluşturulmuş İçeriklere erişim izni yok. Bu, Playstation™Network gizlilik ayarlarından değiştirilebilir.",No se pudo autenticar con mod.io. Esta cuenta de PlayStation™Network no tiene permiso para acceder al contenido generado por los usuarios. Puedes cambiar esto en la configuración de privacidad de tu cuenta de PlayStation™Network.
modio_error_description_api_11028,Unable to authenticate with mod.io. This Xbox Live account is not permitted to access User Generated Content. This can be changed in your Xbox privacy settings.,Authentifizierung mit mod.io nicht möglich. Diesem Xbox Live-Konto ist der Zugriff auf nutzergenerierte Inhalte nicht gestattet. Dies kann in deinen Xbox Live-Datenschutzeinstellungen geändert werden.,Impossibile eseguire l'autenticazione con mod.io. Questo account Xbox Live non è autorizzato ad accedere ai contenuti generati dagli utenti. Puoi modificare questa impostazione nelle impostazioni sulla privacy di Xbox Live.,Ви не пройшли автентифікацію на mod.io. Ваш обліковий запис Xbox Live не має доступу до користувацького контенту. Це можна змінити в настройках конфіденційності Xbox.,Не може да бъде удостоверено с mod.io. На този акаунт в Xbox Live не е разрешен достъп до генерирано от потребители съдържание. Това може да се промени в настройките за поверителност на Xbox Live.,Impossible de s'authentifier avec mod.io. Ce compte Xbox Live n'est pas autorisé à accéder au contenu généré par l'utilisateur. Ceci peut être modifié dans les paramètres de confidentialité de votre Xbox.,Nie udało się zweryfikować przez mod.io. Niniejsze konto Xbox Live nie ma zezwolenia na dostęp do zawartości generowanej przez użytkowników. Można to zmienić w ustawieniach prywatności Xbox.,Não foi possível autenticar com a mod.io. Esta conta da Xbox Live não tem autorização para aceder a conteúdo gerado por utilizadores. Isto pode ser alterado nas tuas definições de privacidade da Xbox Live.,Nem lehet hitelesíteni a mod.io segítségével. Ennek az Xbox Live-fióknak nincs engedélye felhasználó által generált tartalom elérésére. Ez az Xbox adatvédelmi beállításaidnál módosítható.,mod.ioで認証出来ませんでした。このXbox Liveアカウントでは、ユーザー生成コンテンツを利用できません。この設定は、Xboxのプライバシー設定で変更できます。,mod.io로 인증할 수 없습니다. 해당 Xbox Live 계정은 사용자 생성 콘텐츠에 액세스할 수 없습니다. 해당 설정은 Xbox 개인정보 보호 설정에서 변경할 수 있습니다.,Не удалось выполнить авторизацию на mod.io. Эта учетная запись Xbox Live не имеет доступа к пользовательским материалам. Этот параметр можно изменить в настройках конфиденциальности вашей учетной записи Xbox.,No puedes autenticarte en mod.io. Esta cuenta de Xbox Live no tiene permiso para acceder a contenido generado por los usuarios. Puedes modificar esto en los ajustes de privacidad de Xbox.,ไม่สามารถยืนยันตัวตนกับ mod.io ได้ บัญชี Xbox Live นี้ไม่ได้รับอนุญาตให้เข้าถึงเนื้อหาที่สร้างโดยผู้ใช้ได้ โดยสามารถเปลี่ยนแปลงการตั้งค่านี้ได้ในการตั้งค่าความเป็นส่วนตัว Xbox ของคุณ,无法通过 mod.io 验证。此 Xbox Live 账号未允许获取用户生成内容。可在您的 Xbox 隐私设置中变更此设置。,無法取得 mod.io 授權。該 Xbox Live 帳號無權存取使用者創作內容。此選項可在 Xbox Live 隱私權設定中變更。,Tidak dapat melakukan pengesahan dengan mod.io. Akun Xbox Live tidak diizinkan untuk mengakses Konten yang Dihasilkan Pengguna. Ini bisa diubah di pengaturan privasi Xbox Live Anda.,"mod.io ile doğrulanamadı. Bu Xbox Live hesabının, Kullanıcılar Tarafından Oluşturulmuş İçeriklere erişim izni yok. Bu, Xbox gizlilik ayarlarından değiştirilebilir.",No se pudo autenticar con mod.io. Esta cuenta de Xbox Live no tiene permiso para acceder al contenido generado por los usuarios. Puedes cambiar esto en la configuración de privacidad de tu cuenta de Xbox.
modio_waiting_generic_description,Waiting,Warte,In attesa,Зачекайте,Изчакване,En attente,Oczekiwanie,A aguardar,Várakozás,待機中,대기중,Ожидание,Esperando,กำลังรอ,正在等待,正在等待,Sedang Menunggu,Bekleniyor,Esperando
modio_btn_menu_back,Back,Zurück,Indietro,Назад,Назад,Retour,Wstecz,Voltar,Vissza,戻る,뒤로,Назад,Volver,ย้อนกลับ,返回,返回,Kembali,Geri,Atrás
modio_auth_btn_logout,Log Out,Abmelden,Disconnettiti,Вийти,Изход,Se déconnecter,Wyloguj,Terminar sessão,Kijelentkezés,ログアウト,로그아웃,Выйти из системы,Cerrar sesión,ออกจากระบบ,退出登录,登出,Keluar,Çıkış Yap,Cerrar sesión
modio_auth_logout_description,Logout from mod.io?,Von mod.io abmelden?,Vuoi disconnetterti da mod.io?,Вийти з mod.io?,Изход от mod.io?,Se déconnecter de mod.io ?,Wylogować z mod.io?,Terminar sessão da mod.io?,Kijelentkezel a mod.io oldalról?,mod.ioからログアウトしますか？,mod.io에서 로그아웃하시겠습니까?,Выйти из mod.io?,¿Cerrar sesión en mod.io?,ต้องการออกจากระบบ mod.io หรือไม่,要从 mod.io 退出登录吗？,是否登出 mod.io？,Keluar dari mod.io?,mod.io'dan çıkış yapmak istiyor musun?,¿Quieres cerrar sesión en mod.io?
modio_error_network_description,This feature requires you to be online. Please check your internet connection.,Für diese Funktion musst du online sein. Bitte überprüfen deine Internetverbindung.,Questa funzione richiede che tu sia online. Controlla la tua connessione a internet.,Для роботи цієї функції потрібно підключення до мережі. Перевірте ваше з'єднання з інтернетом.,"Тази функция изисква да сте онлайн. Моля, проверете вашата интернет връзка.",Cette fonction nécessite que vous soyez en ligne. Veuillez vérifier votre connexion Internet.,Ta funkcja wymaga połączenia online. Sprawdź połączenie z Internetem.,Esta funcionalidade exige que estejas online. Verifica a tua ligação à Internet.,Ez a funkció csak online módon használható. Ellenőrizd az internetkapcsolatot.,本機能を利用するにはオンラインである必要があります。インターネット接続をご確認ください。,해당 기능을 사용하려면 온라인 상태여야 합니다. 인터넷 연결을 확인하세요.,Эта функция требует подключения к Интернету. Проверьте ваше соединение.,Esta funcionalidad necesita que estés en línea. Comprueba tu conexión a Internet.,คุณจะต้องออนไลน์เพื่อใช้ฟีเจอร์นี้ โปรดตรวจสอบการเชื่อมต่ออินเทอร์เน็ตของคุณ,此功能需要在线网络。请检查您的网络连接。,此功能需要網路。請檢查您的網路連線。,Fitur ini mewajibkan Anda online. Silakan periksa koneksi internet Anda.,Bu özellik çevrimiçi olmanı gerektirir. Lütfen internet bağlantını kontrol et.,Debes estar en línea para usar esta función. Revisa tu conexión a internet.
modio_error_code,[Error Code: {0}],[Fehlercode: {0}],[Codice di errore: {0}],[Код помилки: {0}],[Код на грешка: {0}],[Code d’erreur : {0}],[Kod błędu: {0}],[Código de erro: {0}],[Hibakód: {0}],[エラーコード：{0}],[오류 코드: {0}],[Код ошибки: {0}],[Código de error: {0}],[รหัสข้อผิดพลาด: {0}],[错误代码：{0}],[錯誤碼：{0}],[Kode Kesalahan: {0}],[Hata Kodu: {0}],[Código de error: {0}]
modio_report_version,Version,Version,Versione,Версія,Версия,Version,Wersja,Versão,Verzió,バージョン,버전,Версия,Versión,เวอร์ชัน,版本,版本,Versi,Sürüm,Versión
modio_unit_mbps,MB/s,MB/s,MB/sec,Мб/с,MB/s,MB/s,MB/s,MB/s,MB/s,MB/s,MB/s,Мбит/с,MB/s,MB/s,MB/s,MB/s,MB/s,MB/s,MB/s
modio_pageheader_recentmods,Recent Mods,Neueste Mods,Mod recenti,Найновіші моди,Скорошни модове,Mods récents,Najnowsze mody,Mods recentes,Legfrissebb modok,最新のMod,최근 모드,Недавние моды,Mods recientes,ม็อดล่าสุด,最近模组,最近推出的模組,Mods Terbaru,Mods recientes,Yeni Modlar
modio_pageheader_trendingmods,Trending Mods,Mods im Trend,Mod di tendenza,Моди за завантаженнями,Трендинг модове,Mods tendance,Mody zyskujące na popularności,Mods populares,Legnépszerűbb modok,トレンドのMod,인기 모드,Популярные моды,Tendencias de mods,ม็อดที่กำลังมาแรง,热门模组,精選模組,Mods Trendi,Mods en tendencia,Popüler Modlar
modio_filter_allmods,All Mods,Alle Mods,Tutti i mod,Усі моди,Всички модове,Tous les mods,Wszystkie mody,Todos os mods,Minden mod,すべてのMod,모든 모드,Все моды,Todos los mods,ม็อดทั้งหมด,全部模组,所有模組,Semua Mods,Todos los Mods,Tüm Modlar
modio_filter_purchasedmods,Purchased Mods,Gekaufte Mods,Mod acquistati,Придбані моди,Закупени модове,Mods achetés,Kupione mody,Mods adquiridos,Megvásárolt modok,購入済みMod,구매한 모드,Приобретенные моды,Mods comprados,ม็อดที่ซื้อ,已购买模组,已購買的模組,Mods yang Dibeli,Comprar Mods,Satın Alınan Modlar
modio_filter_installedmods,Installed Mods,Installierte Mods,Mod installati,Встановлені моди,Инсталирани модове,Mods installés,Zainstalowane mody,Mods instalados,Telepített modok,インストール済みMod,설치된 모드,Установленные моды,Mods instalados,ม็อดที่ติดตั้งแล้ว,已安装模组,已安裝的模組,Mods yang Diinstal,Mods instalados,Kurulu Modlar
modio_error_storage_header,Insufficient storage,Nicht genügend Speicherplatz,Memoria insufficiente,Недостатньо пам’яті,Недостатъчно място за съхранение,Stockage insuffisant,Za mało miejsca,Armazenamento Insuficiente,Nincs elég tárhely,ストレージが不足しています,저장공간 부족,Недостаточно памяти,Almacenamiento insuficiente,พื้นที่เก็บข้อมูลไม่เพียงพอ,储存空间不足,儲存空間不足,Penyimpanan tidak cukup,Espacio insuficiente,Yetersiz depolama alanı
modio_error_storage_description,You don’t have enough storage space available to download and install this mod. Go to your Library to view installed mods and free up space.,"Du hast nicht genügend Speicherplatz, um diese Mod herunterzuladen und zu installieren. Besuche deine Bibliothek, um dir die installierten Mods anzusehen und Platz zu schaffen.",Non disponi di memoria sufficiente per scaricare e installare questa mod. Visita la Libreria per visualizzare le mod installate e liberare spazio.,"Недостатньо пам’яті для завантаження та встановлення цього моду. Перейдіть до бібліотеки й звільніть місце, видаливши непотрібні моди.","Нямате достатъчно място за съхранение, за да изтеглите и инсталирате този модал. Отидете във вашата библиотека, за да видите инсталираните модали и да освободите място.",Vous n’avez pas suffisamment d’espace de stockage disponible pour télécharger et installer ce mod. Allez dans votre Bibliothèque pour afficher les mods installés et libérer de l’espace.,"Masz za mało miejsca na pobranie i instalację tego moda. Przejdź do biblioteki, aby wyświetlić zainstalowane mody i zwolnić miejsce.",Não tens espaço de armazenamento suficiente para transferir e instalar este mod. Vê os mods que tens instalados na Biblioteca e liberta algum espaço.,Nincs elég tárhelyed a mod letöltéséhez és telepítéséhez. Nyisd meg a Könyvtárat a telepített modok megtekintéséhez és tárhely felszabadításához.,このmodをダウンロードしてインストールするストレージの空きスペースが不足しています。ライブラリでインストール済みのmodを確認し、スペースを確保してください。,해당 모드를 다운로드할 수 있는 저장공간이 충분하지 않습니다. 라이브러리로 이동하여 설치된 모드를 확인하고 공간을 확보하세요.,"Не хватает места для загрузки и установки этого мода. Просмотреть уже установленные моды и удалить их, чтобы освободить место, можно в библиотеке.",No tienes suficiente espacio de almacenamiento disponible para descargar e instalar este mod. Visita tu biblioteca para ver los mods instalados y liberar espacio.,คุณมีพื้นที่ัเก็บข้อมูลไม่เพียงพอที่จะดาวน์โหลดและติดตั้งม็อดนี้ ไปที่ไลบรารีของคุณเพื่อดูม็อดที่ติดตั้งแล้วและเพิ่มพื้นที่ว่าง,您的储存空间不足，无法下载并安装此模组。前往模组库查看模组并释放储存空间。,你沒有足夠的儲存空間來下載及安裝此模組。請前往您的遊戲庫檢視已安裝的模組，並釋出空間。,Kamu tidak memiliki ruang penyimpanan yang cukup untuk mengunduh dan memasang mod ini. Pergi ke Perpustakaan untuk melihat mod yang terpasang dan kosongkan ruang.,No tienes suficiente espacio de almacenamiento para descargar e instalar este mod. Ve a tu biblioteca para ver tus mods instalados y librar espacio.,Bu modu yüklemek için yeterli depolama alanına sahip değilsin. Kütüphanene gidip kurulu modlara göz atabilir ve yer açabilirsin.
modio_btn_uninstall,Uninstall,Deinstallieren,Disinstalla,Видалити,Деинсталиране,Désinstaller,Odinstaluj,Desinstalar,Eltávolítás,アンインストール,제거,Удалить,Desinstalar,ถอนการติดตั้ง,卸载,移除,Hapus instalasi,Desinstalar,Kaldır
modio_error_ratelimited_header,Rate Limited,Rate begrenzt,Velocità limitata,Занадто багато запитів,Ограничена скорост,Taux limité,Ograniczono przepustowość,Taxa Limitada,Időkorlátos,リクエスト制限,속도 제한,Слишком много запросов,Límite de velocidad alcanzado,อัตราคำขอถูกจำกัด,频率限制,速率受限,Tarif Terbatas,Límite alcanzado,Erişim Sınırlı
modio_error_ratelimited_description,You've sent too many requests too quickly! Please retry after {0} seconds,Du hast zu schnell zu viele Anfragen gesendet! Bitte versuche es nach {0} Sekunden erneut,Hai mandato troppe richieste troppo velocemente! Riprova dopo {0} secondi.,Ви надіслали занадто багато запитів за дуже короткий час! Повторіть спробу через {0} сек.,"Изпратихте твърде много заявки твърде бързо! Моля, опитайте след {0} секунди",Vous avez envoyé trop de requêtes trop rapidement ! Merci de réessayer dans {0} secondes,Wysłano zbyt dużą liczbę zapytań w krótkim czasie. Proszę spróbować ponownie po upływie {0} sekund.,Fizeste demasiados pedidos seguidos! Tenta de novo daqui a {0} segundo(s),"Túl sok kérést küldtél túl gyorsan! Kérjük, próbálkozz újra {0} másodperc múlva",短時間にリクエストが多すぎます！{0}秒待ってからもう一度お試しください,"너무 많은 요청을 너무 빨리 보냈습니다! {0}초 후, 다시 시도해 주십시오",Вы отправили слишком много запросов! Повторите попытку через {0} сек.,¡Has enviado muchas solicitudes demasiado rápido! Vuelve a intentarlo cuando pasen {0} segundos.,คุณส่งคำขอจำนวนมากเกินไปติดต่อกันเร็วเกินไป! โปรดลองอีกครั้งในอีกหลังจากผ่านไป {0} วินาที,您在近期发送的请求数量过多！请在{0}秒后重试。,您已過快傳送過多請求！請於 {0} 秒後再重試。,Kamu terlalu cepat mengirimkan terlalu banyak permintaan! Silakan coba lagi setelah {0} detik,¡Enviaste muchas peticiones! inténtalo después de {0} segundos,Çok kısa sürede çok fazla istekte bulundun! Lütfen {0} saniye sonra yeniden dene